RI District,RI Zone,Total Clubs,No Officer Community,No Officer University,No Officer Total,% No Officer,75PlusClubs,75PlusMembers,75PlusUSD,75PlusUniversityClubs,75PlusUniversityMembers,75PlusUniversityUSD,75PlusCommunityClubs,75PlusCommunityMembers,75PlusCommunityUSD,% 75PlusClubs,TotalClubsArrears,TotalArrearsMembers,TotalUSD,ArrearsUnivesityClubs,ArrearsUniversityMembers,UniversityUSD,ArrearsCommunityClubs,ArrearsCommunityMembers,CommunityUSD,% Clubs Arrears,Officer75PlusClubs,Officer75PlusUniversityClubs,Officer75PlusCommunityClubs,OfficerTotalClubsArrears,OfficerUnivesityClubsArrears,OfficerCommunityClubsArrears,Total Rotary Clubs,Rotary with Rotaract Club,Rotary without Rotaract Club,% Rotary without Rotaract Clubs,Rotary with Community Rotaract Club,Rotary with University Rotaract Club,Rotary with Community & University Rotaract Club,% Rotary with Community & University Rotaract Club,Rotary with RotaractClubArrears,Rotary with RotaractClubsWithout Officers,Clubs with Contribution,% Clubs with Contributions,Total Contributions USD,Annual Fund Contribution USD,PolioPlus Fund Contribution USD,Other Funds Contribution USD,Endowment Fund Contribution USD,NewTotalClubs,NewCommunityClubs,NewUniversityClubs,TotalInteractClubs,SuspendedInteractClubs,Rotaract with Interact,Rotary with Interact Club,Rotary without Interact Club,% Rotary without Interact Club,Rotary with Suspended Interact Clubs,Total Reported Members,Members,Avg Membership,TotalINR,Total Outstanding (INR),Interact Growth Abs,Interact Growth (%)
2981,5,66,7,45,52,0.787878788,2,41,283.2,1,24,132.75,1,17,150.45,0.03030303,46,109,1244.57,38,65,865.71,8,44,378.86,0.696969697,2,1,1,2,1,1,162,42,120,0.740740741,8,37,3,0.018518519,30,31,0,0,0,0,0,0,0,1,0,1,63,24,0,30,132,0.814814815,11,305,305,4.62,119480,119480,17,37
2982,5,58,3,16,19,0.327586207,12,196,1341.82,8,130,738.45,4,66,603.37,0.206896552,22,297,1962.46,18,231,1359.09,4,66,603.37,0.379310345,6,4,2,8,6,2,97,38,59,0.608247423,16,26,4,0.041237113,15,11,0,0,0,0,0,0,0,11,2,9,126,16,0,46,51,0.525773196,10,899,899,15.5,188391,188391,8,6.8
3000,5,152,8,47,55,0.361842105,47,1410,8474.03,40,1313,7562.96,7,97,911.07,0.309210526,65,1510,9328,57,1411,8348.31,8,99,979.69,0.427631579,25,22,3,27,24,3,225,67,158,0.702222222,17,62,12,0.053333333,37,34,0,0,0,0,0,0,0,5,1,4,620,17,0,87,138,0.613333333,8,7560,7560,49.74,895483,895483,142,29.7
3011,4,74,12,16,28,0.378378378,11,198,1910.61,6,114,1065.65,5,84,844.96,0.148648649,17,304,2147.94,8,128,1153.66,9,176,994.28,0.22972973,0,0,0,2,0,2,156,44,112,0.717948718,29,22,7,0.044871795,12,20,1,0.013513514,45,45,0,0,0,5,5,0,264,16,5,82,74,0.474358974,8,1284,1284,17.35,206201,206201,2,0.8
3012,4,58,18,12,30,0.517241379,7,127,911.02,5,102,619.91,2,25,291.11,0.120689655,29,199,1811.94,13,150,969.09,16,49,842.85,0.5,3,2,1,5,4,1,144,39,105,0.729166667,25,20,6,0.041666667,21,23,0,0,0,0,0,0,0,5,1,4,135,18,0,47,97,0.673611111,13,523,523,9.02,173940,173940,1,0.7
3020,7,47,5,11,16,0.340425532,15,286,2173.75,8,155,935.63,7,131,1238.12,0.319148936,24,338,2503.73,15,179,1141.45,9,159,1362.28,0.510638298,9,4,5,10,4,6,79,20,59,0.746835443,11,14,5,0.063291139,13,11,1,0.021276596,103.5,0,0,103.5,0,3,1,2,198,4,0,17,62,0.784810127,2,1012,1012,21.53,240360,240360,0,0
3030,6,87,11,25,36,0.413793103,15,321,2530.32,9,221,1624.57,6,100,905.75,0.172413793,31,448,3272.94,24,340,2296.39,7,108,976.55,0.356321839,6,3,3,11,7,4,124,36,88,0.709677419,29,17,10,0.080645161,15,20,2,0.022988506,12.56,0,12.56,0,0,4,2,2,603,29,6,65,59,0.475806452,17,1156,1156,13.29,314199,314199,9,1.5
3040,4,41,8,4,12,0.292682927,7,90,923.44,2,49,385.45,5,41,537.99,0.170731707,11,109,1078.38,4,61,469.98,7,48,608.4,0.268292683,1,0,1,3,1,2,104,19,85,0.817307692,14,11,6,0.057692308,9,10,0,0,0,0,0,0,0,0,0,0,113,18,6,23,81,0.778846154,8,598,598,14.59,103526,103526,4,3.7
3053,4,26,12,7,19,0.730769231,10,150,1256.93,2,40,221.25,8,110,1035.68,0.384615385,14,159,1347.82,5,46,285.59,9,113,1062.23,0.538461538,1,0,1,1,0,1,79,16,63,0.797468354,15,6,5,0.063291139,8,11,0,0,0,0,0,0,0,3,2,1,68,13,0,23,56,0.708860759,6,394,394,15.15,129391,129391,6,9.7
3055,4,54,13,4,17,0.314814815,8,98,1025.6,0,0,0,8,98,1025.6,0.148148148,20,133,1458.7,5,22,174.14,15,111,1284.56,0.37037037,3,0,3,5,1,4,106,36,70,0.660377358,34,8,6,0.056603774,16,16,1,0.018518519,36.5,26.5,10,0,0,1,0,1,120,10,1,56,50,0.471698113,5,706,706,13.07,140034,140034,2,1.7
3056,4,23,8,6,14,0.608695652,3,27,277.51,2,23,175.63,1,4,101.88,0.130434783,13,76,627.2,6,61,385.83,7,15,241.37,0.565217391,1,1,0,1,1,0,86,14,72,0.837209302,10,7,3,0.034883721,9,10,0,0,0,0,0,0,0,0,0,0,134,23,0,27,59,0.686046512,9,220,220,9.57,60210,60210,5,3.9
3060,4,52,5,4,9,0.173076923,5,66,663.92,1,12,129.81,4,54,534.11,0.096153846,10,75,860.67,3,17,224.69,7,58,635.98,0.192307692,2,0,2,2,0,2,105,39,66,0.628571429,35,9,5,0.047619048,6,5,5,0.096153846,211.24,211.24,0,0,0,1,1,0,101,9,7,49,56,0.533333333,7,1459,1459,28.06,82625,82625,3,3.1
3070,4,35,8,14,22,0.628571429,6,69,798.22,3,28,343.69,3,41,454.53,0.171428571,19,101,1222.67,13,57,667.25,6,44,555.42,0.542857143,1,0,1,2,1,1,113,22,91,0.805309735,10,17,5,0.044247788,13,16,0,0,0,0,0,0,0,1,0,1,94,11,0,32,81,0.716814159,6,345,345,9.86,117376,117376,8,9.3
3080,4,86,7,10,17,0.197674419,30,732,5394.59,16,475,2896.18,14,257,2498.41,0.348837209,37,792,5827.57,20,522,3156.16,17,270,2671.41,0.430232558,20,10,10,23,12,11,138,42,96,0.695652174,27,25,10,0.072463768,27,15,1,0.011627907,52.08,52.08,0,0,0,4,3,1,293,25,2,53,85,0.615942029,14,1861,1861,21.64,559445,559445,32,12.3
3090,4,32,9,1,10,0.3125,7,83,779.72,1,13,82.39,6,70,697.33,0.21875,13,102,1031.56,1,13,82.39,12,89,949.17,0.40625,2,0,2,4,0,4,172,17,155,0.901162791,16,3,2,0.011627907,7,6,0,0,0,0,0,0,0,0,0,0,393,72,18,46,126,0.73255814,16,415,415,12.97,99028,99028,0,0
3100,6,28,1,0,1,0.035714286,8,87,839.22,2,19,186.68,6,68,652.54,0.285714286,16,104,1120.8,5,25,271.97,11,79,848.83,0.571428571,7,2,5,15,5,10,133,17,116,0.872180451,13,6,2,0.015037594,9,1,0,0,0,0,0,0,0,0,0,0,289,8,4,49,84,0.631578947,7,293,293,10.46,107597,107597,11,4
3110,6,22,11,3,14,0.636363636,10,117,1276.73,1,15,82.97,9,102,1193.76,0.454545455,16,125,1458.6,3,19,146.64,13,106,1311.96,0.727272727,3,0,3,3,0,3,133,17,116,0.872180451,14,3,0,0,13,11,0,0,0,0,0,0,0,0,0,0,114,0,3,32,101,0.759398496,0,183,183,8.32,140024,140024,0,0
3120,6,62,9,5,14,0.225806452,8,323,3289.08,1,12,129.81,7,311,3159.27,0.129032258,9,326,3315.63,1,12,129.81,8,314,3185.82,0.14516129,3,0,3,3,0,3,103,29,74,0.718446602,26,9,6,0.058252427,6,11,1,0.016129032,1000,1000,0,0,0,13,8,5,83,6,1,30,73,0.708737864,4,986,986,15.9,318301,318301,5,6.4
3131,7,102,13,15,28,0.274509804,14,279,2301.55,7,172,1278.12,7,107,1023.43,0.137254902,17,312,2462.31,8,185,1350.03,9,127,1112.28,0.166666667,2,1,1,2,1,1,132,68,64,0.484848485,45,34,11,0.083333333,15,25,1,0.009803922,130,0,130,0,0,3,1,2,375,48,5,103,29,0.21969697,22,1926,1926,18.88,236381,236381,14,3.9
3132,7,39,8,8,16,0.41025641,6,86,774.75,1,14,77.44,5,72,697.31,0.153846154,13,93,966.81,3,16,119.48,10,77,847.33,0.333333333,3,1,2,4,1,3,103,30,73,0.708737864,22,13,5,0.048543689,11,13,8,0.205128205,920.12,920.12,0,0,0,3,2,1,294,37,13,65,38,0.368932039,14,592,592,15.18,92813,92813,15,5.4
3141,4,128,10,30,40,0.3125,17,741,3691.11,13,704,3197.13,4,37,493.98,0.1328125,36,837,4545.39,30,791,3971.76,6,46,573.63,0.28125,5,3,2,9,7,2,123,72,51,0.414634146,55,38,21,0.170731707,24,29,0,0,0,0,0,0,0,5,5,0,281,23,12,71,52,0.422764228,14,3262,3262,25.48,436358,436358,35,14.2
3142,4,59,10,10,20,0.338983051,12,202,1767.47,3,49,334.75,9,153,1432.72,0.203389831,23,294,2313.4,5,66,428.79,18,228,1884.61,0.389830508,5,0,5,9,1,8,107,44,63,0.588785047,36,17,9,0.08411215,20,16,0,0,0,0,0,0,0,2,1,1,162,9,0,60,47,0.439252336,7,1158,1158,19.63,222084,222084,0,0
3150,7,55,7,5,12,0.218181818,10,123,1210.96,3,41,290.76,7,82,920.2,0.181818182,14,170,1379.45,4,47,323.95,10,123,1055.5,0.254545455,6,2,4,6,2,4,107,30,77,0.719626168,19,17,6,0.056074766,9,8,0,0,0,0,0,0,0,2,1,1,209,21,0,53,54,0.504672897,11,2054,2054,37.35,132425,132425,16,8.3
3160,7,34,5,18,23,0.676470588,2,40,221.26,2,40,221.26,0,0,0,0.058823529,23,69,638.69,18,58,451.2,5,11,187.49,0.676470588,1,1,0,1,1,0,79,21,58,0.734177215,6,17,2,0.025316456,14,14,0,0,0,0,0,0,0,0,0,0,105,16,0,19,60,0.759493671,11,151,151,4.44,61315,61315,2,1.9
3170,7,139,16,41,57,0.410071942,17,246,1894.1,12,180,1224.12,5,66,669.98,0.122302158,47,298,2796,32,217,1789.99,15,81,1006.01,0.338129496,6,4,2,7,4,3,145,73,72,0.496551724,45,43,15,0.103448276,30,34,1,0.007194245,16.34,16.34,0,0,0,31,9,22,337,18,8,88,57,0.393103448,10,1759,1759,12.65,268412,268412,43,14.6
3181,7,58,5,17,22,0.379310345,14,309,2369.14,8,192,1247.86,6,117,1121.28,0.24137931,30,370,2941.8,23,251,1753.27,7,119,1188.53,0.517241379,11,7,4,12,8,4,91,32,59,0.648351648,16,22,6,0.065934066,20,14,1,0.017241379,90.95,0,90.95,0,0,1,1,0,202,8,0,54,37,0.406593407,5,839,839,14.47,282412,282412,9,4.7
3182,7,55,12,27,39,0.709090909,3,32,331.87,1,4,84.07,2,28,247.8,0.054545455,34,125,1328.91,25,72,768.14,9,53,560.77,0.618181818,1,0,1,4,2,2,89,32,57,0.640449438,14,24,6,0.06741573,22,25,0,0,0,0,0,0,0,1,0,1,192,19,0,43,46,0.516853933,9,492,492,8.95,127575,127575,6,3.2
3191,7,84,5,14,19,0.226190476,16,351,2179.31,14,319,1886.47,2,32,292.84,0.19047619,22,384,2405.06,19,350,2094.52,3,34,310.54,0.261904762,6,6,0,8,7,1,103,42,61,0.59223301,27,30,15,0.145631068,18,16,3,0.035714286,103.32,82.49,0,20.83,0,1,1,0,267,15,0,54,49,0.475728155,11,1857,1857,22.11,230883,230883,11,4.3
3192,7,89,6,16,22,0.247191011,23,530,3621.21,18,464,3025.99,5,66,595.22,0.258426966,28,545,3799.14,22,474,3159.67,6,71,639.47,0.314606742,12,10,2,12,10,2,95,41,54,0.568421053,22,35,16,0.168421053,20,17,1,0.011235955,10.53,10.53,0,0,0,3,1,2,247,29,3,57,38,0.4,16,2084,2084,23.42,364717,364717,10,4.2
3203,5,76,8,21,29,0.381578947,11,326,1850.12,11,326,1850.12,0,0,0,0.144736842,14,342,1979.95,13,336,1920.92,1,6,59.03,0.184210526,8,8,0,9,8,1,121,43,78,0.644628099,19,34,10,0.082644628,10,18,0,0,0,0,0,0,0,5,3,2,231,14,6,55,66,0.545454545,7,1537,1537,20.22,190075,190075,3,1.3
3204,5,27,7,9,16,0.592592593,11,184,1212.49,10,171,1097.44,1,13,115.05,0.407407407,20,194,1488.14,14,175,1171.32,6,19,316.82,0.740740741,5,5,0,5,5,0,99,16,83,0.838383838,8,11,3,0.03030303,11,10,0,0,0,0,0,0,0,1,1,0,31,10,0,20,79,0.797979798,5,270,270,10,142858,142858,0,0
3205,5,37,2,8,10,0.27027027,3,61,337.42,3,61,337.42,0,0,0,0.081081081,4,72,398.26,4,72,398.26,0,0,0,0.108108108,2,2,0,2,2,0,106,28,78,0.735849057,4,25,1,0.009433962,8,8,0,0,0,0,0,0,0,0,0,0,63,6,0,38,68,0.641509434,5,654,654,17.68,38232,38232,4,6.8
3206,5,106,3,20,23,0.216981132,21,393,2794.56,16,309,2000.76,5,84,793.8,0.198113208,35,426,3290.98,28,338,2395.32,7,88,895.66,0.330188679,11,9,2,11,9,2,78,45,33,0.423076923,29,33,17,0.217948718,19,18,4,0.037735849,56.99,56.99,0,0,0,2,1,1,87,7,5,36,42,0.538461538,3,2094,2094,19.75,315933,315933,2,2.4
3211,5,33,6,5,11,0.333333333,13,219,1666.02,4,82,453.57,9,137,1212.45,0.393939394,18,224,1777.14,6,84,480.12,12,140,1297.02,0.545454545,10,3,7,10,3,7,165,23,142,0.860606061,15,12,4,0.024242424,12,11,0,0,0,0,0,0,0,0,0,0,62,3,0,29,136,0.824242424,3,509,509,15.42,170604,170604,1,1.6
3212,5,89,7,57,64,0.719101124,6,104,848.64,4,71,556.59,2,33,292.05,0.06741573,60,261,3057.25,53,217,2557.25,7,44,500,0.674157303,3,1,2,7,5,2,124,37,87,0.701612903,10,34,7,0.056451613,26,28,0,0,0,0,0,0,0,3,0,3,311,12,3,57,67,0.540322581,5,689,689,7.74,293499,293499,12,4
3220,5,95,9,0,9,0.094736842,5,127,1063.19,0,0,0,5,127,1063.19,0.052631579,9,197,1217.98,0,0,0,9,197,1217.98,0.094736842,1,0,1,2,0,2,72,44,28,0.388888889,34,27,17,0.236111111,5,5,1,0.010526316,200,0,0,200,0,0,0,0,158,4,1,44,28,0.388888889,2,3681,3681,38.75,116926,116926,0,0
3231,5,44,2,28,30,0.681818182,8,192,877.16,7,177,744.41,1,15,132.75,0.181818182,29,253,1472.84,27,237,1306.46,2,16,166.38,0.659090909,1,1,0,3,3,0,97,28,69,0.711340206,4,26,2,0.020618557,18,19,0,0,0,0,0,0,0,0,0,0,177,5,0,39,58,0.597938144,2,959,959,21.8,141393,141393,1,0.6
3233,5,70,2,23,25,0.357142857,13,3508,19581.02,12,3493,19448.27,1,15,132.75,0.185714286,14,3521,19652.93,13,3506,19520.18,1,15,132.75,0.2,3,3,0,3,3,0,91,43,48,0.527472527,20,33,10,0.10989011,13,19,1,0.014285714,20.83,0,20.83,0,0,0,0,0,110,8,1,49,42,0.461538462,6,5793,5793,82.76,1886680,1886680,17,18.3
3234,5,74,2,13,15,0.202702703,6,141,779.9,6,141,779.9,0,0,0,0.081081081,10,167,968.62,9,154,947.06,1,13,21.56,0.135135135,1,1,0,2,1,1,84,40,44,0.523809524,23,27,10,0.119047619,8,13,2,0.027027027,1864.42,10.53,0,1853.89,0,1,1,0,166,15,0,49,35,0.416666667,9,1930,1930,26.08,92989,92989,3,1.8
3240,6,58,11,4,15,0.25862069,14,174,1634.84,2,33,242.09,12,141,1392.75,0.24137931,17,202,1789.72,5,61,396.97,12,141,1392.75,0.293103448,5,1,4,6,2,4,100,36,64,0.64,29,10,3,0.03,10,10,2,0.034482759,34.74,24.74,0,10,0,2,2,0,105,13,2,46,54,0.54,8,895,895,15.43,171813,171813,2,1.9
3250,6,47,6,7,13,0.276595745,11,222,1725.45,5,95,587.42,6,127,1138.03,0.234042553,14,246,1893.53,7,116,703.58,7,130,1189.95,0.29787234,4,2,2,5,3,2,122,25,97,0.795081967,18,12,5,0.040983607,10,11,1,0.021276596,302,2,300,0,0,7,5,2,163,5,2,44,78,0.639344262,3,695,695,14.79,181777,181777,48,41.7
3261,6,24,5,9,14,0.583333333,2,30,165.94,2,30,165.94,0,0,0,0.083333333,14,53,506.87,9,47,305.1,5,6,201.77,0.583333333,1,1,0,1,1,0,95,21,74,0.778947368,14,7,0,0,13,12,0,0,0,0,0,0,0,7,7,0,76,4,0,29,66,0.694736842,3,218,218,9.08,48658,48658,23,43.4
3262,6,76,33,19,52,0.684210526,17,259,2163.03,8,148,1021.84,9,111,1141.19,0.223684211,49,363,3308.3,20,190,1484.2,29,173,1824.1,0.644736842,2,0,2,6,2,4,122,47,75,0.614754098,40,16,9,0.073770492,35,37,0,0,0,0,0,0,0,3,3,0,687,36,0,47,75,0.614754098,15,687,687,9.04,317594,317594,2,0.3
3292,6,193,23,2,25,0.129533679,13,263,2105.77,0,0,0,13,263,2105.77,0.067357513,15,273,2176.66,1,9,42.35,14,264,2134.31,0.077720207,4,0,4,4,0,4,166,129,37,0.222891566,122,26,19,0.114457831,11,18,0,0,0,0,0,0,0,4,4,0,162,18,23,79,87,0.524096386,17,4753,4753,24.63,208960,208960,13,8.7